avg_capital_seq,spam
1.5,0
4.941,1
3.429,1
3.493,1
3.38,0
3.689,1
1,0
6.761,1
2.195,1
2.857,0
1.883,0
1.744,0
2.325,0
1.25,0
1.8,1
2.5,0
4.617,1
2.206,0
8.323,1
3.764,0
1.932,0
3.153,0
1.983,0
3.812,1
4.295,0
4.5,1
1.3,0
1,0
5.009,1
5.888,0
1,0
3.456,1
3.379,0
1.755,0
2.333,0
2.188,0
1.406,0
1.857,0
3.707,1
3.766,0
2.93,1
2.076,0
1.9,0
1.684,1
2.769,1
4.571,0
3.029,0
3.628,0
11.714,1
1.285,0
4.134,0
2.393,0
1.183,0
2.198,0
3.125,1
2.405,0
1.798,0
1.976,0
1.592,0
5.538,1
1.268,0
1.228,0
2.158,0
2.421,0
1,1
1.834,0
1.181,0
337.25,1
5.985,1
1.125,0
2.288,0
1.423,0
2.666,0
4.964,0
1,0
1,0
1.801,0
2.188,0
1.652,0
1.24,0
2.465,1
9.633,1
1.382,0
2.24,0
13.166,1
1.844,1
2.203,0
3.211,0
1.687,0
1.619,0
3.16,0
2.888,1
3.704,0
15.547,1
2.022,0
5.5,1
3.7,0
3.333,0
1.644,0
1.428,0
1,0
3,0
1.333,0
2.42,0
2.529,0
1.704,0
3.836,1
2.666,1
2.166,1
1.225,0
2,0
2.277,0
4.437,0
2.145,1
1.83,0
1.755,0
4.166,0
3.083,0
2.95,0
2.673,1
2.777,0
3.217,1
1.468,0
4.339,1
1,0
1.88,0
2,0
1.3,0
2.181,0
2.708,0
2.366,1
1.136,1
2.281,0
1.567,0
1.602,0
1,1
2.843,0
3.3,0
1.75,0
1.885,0
1.75,0
1.5,0
3.333,0
2.257,1
1.454,0
2.54,0
3.705,1
4.049,1
1.293,1
5.038,1
14.5,1
2.086,1
1.119,0
2.142,0
1,0
1.421,0
1.901,1
1.535,0
1.486,0
1,1
4.548,1
7.552,1
1.718,0
2.687,1
89.9,1
1.475,0
3.642,1
1.719,0
3.78,1
1.554,0
1.752,1
1.2,0
1.894,0
2.655,0
2.291,0
2.211,0
1.902,0
1.863,0
2.24,0
1.312,1
1.712,0
1.4,0
2.755,1
1.506,0
1,0
1.428,0
1.796,1
1.947,0
4.43,1
1.823,1
1,0
2.741,0
4.555,1
7.484,1
1.635,0
3.871,1
3.629,1
1.076,1
1.494,1
2.375,1
3.758,1
2.062,1
11.685,1
1.653,0
1.181,0
1.37,0
1.129,0
4.125,1
1.541,0
1.888,0
2.142,0
2.933,0
1.942,0
1.285,0
2.063,0
1.181,0
1,0
2.571,1
1.487,0
4.016,0
3.918,0
1.794,0
10.585,1
3.237,0
2.13,0
4.111,1
1.945,0
25.22,1
3.426,1
1.694,1
7.54,1
1.833,0
4.696,0
4.6,1
3.25,0
1.379,1
3.328,1
2.533,0
1.525,1
25.964,1
4.259,1
2.646,0
2.448,0
5.888,0
1.7,0
2.142,0
1.309,0
2.815,1
2.89,0
1.344,0
8.033,1
1.285,0
1.463,1
1.666,0
1.428,1
1.21,0
1.84,0
2,0
1.681,0
8.016,1
5.187,1
10.068,1
5.977,1
2.5,1
2.166,0
2.125,0
4.793,1
5.5,0
1,0
1,0
1.958,0
2.166,0
6.723,1
6.298,1
1.5,0
1.384,0
2.142,0
2.111,0
7,1
2,0
1.066,0
1.153,0
2.337,1
5.037,1
1.125,0
5.838,1
1.837,0
2.444,0
2.051,1
1.682,0
1.477,1
1.494,1
2.322,0
2.7,1
53.433,1
18,0
2.988,0
13.928,1
3.083,0
5.25,1
2.25,0
2.423,0
3.476,1
6.8,0
6.294,1
6.161,1
4.062,0
3.28,1
7.941,1
2.222,0
1.958,0
2.785,0
15.493,1
1.981,0
6.269,1
2.151,0
48.5,1
2.148,0
1,0
4,1
16.217,1
4.047,1
2.432,0
2.214,0
1.103,1
5.263,0
1.206,1
6.59,1
1.266,0
1.831,0
4.689,0
1.911,0
1.779,1
2.972,1
2.062,0
1.222,0
3.298,1
1.714,0
2.057,0
13.25,0
1.42,1
3.052,1
7.666,1
3.4,0
1.547,0
3.761,1
2.03,0
1,0
1.353,0
9.31,0
5.225,1
1.333,0
1.8,1
2.25,0
2.293,0
4.333,1
5.774,1
2.559,1
3,1
2.8,0
4.413,0
1.971,1
1,1
1.666,0
1.263,0
1.2,1
2.276,0
2.522,1
2.9,1
24.785,1
2.133,0
5.635,1
2.666,0
4.913,1
1.714,0
4.333,1
2.179,1
2.862,0
3.904,1
1,0
1,0
1.25,0
1,0
3,0
2.204,0
4.153,1
1.428,0
3.722,0
1.48,0
2,1
1,0
3.37,1
9.744,1
5.61,0
4.93,1
1.21,0
5.052,0
2.43,0
4.617,1
2,0
3.812,1
15.892,1
1.596,0
1.222,0
56.538,1
8.55,1
2.213,0
1.666,1
3.155,1
1.8,0
3.071,1
1.8,0
1.592,0
6.238,1
1.347,0
2.322,1
1.287,1
71.5,1
1.263,0
1.884,0
2.457,0
1,0
1.48,0
1.612,0
2.036,1
1.5,0
1.823,0
3.181,1
4.133,1
1.285,0
1.979,1
1.869,1
1.277,0
1,0
1.442,0
1.076,0
2.166,1
4.382,0
32,1
1,0
1.39,1
1.181,0
1,0
6.482,1
3.166,1
2.142,0
4.08,1
2.28,0
2.208,0
1.987,1
1.864,1
1.55,0
1,0
1.666,0
2.34,1
2.1,0
3.28,0
3.315,1
8.55,1
1,0
15.916,1
4.891,0
1.266,1
2,0
5.459,1
9.785,1
1.428,0
1,0
1.1,0
64.416,1
2.232,0
2.202,0
3.548,1
4.25,0
2.058,0
3.414,0
3.714,1
4.133,0
1.373,0
1.684,0
4.041,1
2.375,0
2,0
1.3,0
1.434,1
3.417,1
1.426,0
1.081,0
2.437,1
1.375,0
1.04,0
2.235,0
2.333,0
2.682,0
1.229,1
4,0
1.25,0
2.703,0
3.904,0
1.552,0
1.997,0
2.128,1
2.962,1
2.7,0
5.549,1
2.769,0
1.611,0
1.45,0
1.181,1
1.5,0
2,0
1,0
2.546,0
1.517,1
3.538,1
1.214,0
1.958,0
1.477,1
4,1
5.058,1
1,0
1.666,0
1.529,0
2.934,1
1.796,1
1,0
1.156,0
1.696,1
2.093,1
2.37,1
1.102,1
1.302,0
2.27,0
2.758,0
1,0
1.2,0
4.333,1
1.294,0
2.592,1
4.411,0
3.789,0
2.285,0
1,1
7.484,1
7.709,1
1.59,0
4.5,1
1.333,0
1.909,1
1.769,0
1,0
1.4,0
1.636,1
2.75,1
2.256,1
1,0
6.027,1
27.479,1
9.785,1
1.732,1
1.068,0
2.588,1
4.208,0
2.887,0
2.875,0
1.72,0
3.666,0
6.686,1
8.55,1
3.184,0
1.8,0
6.094,1
2.776,1
1,0
4,1
2.131,1
2.689,1
11.066,1
1,0
1.536,0
35.461,1
3.574,0
3.125,0
1,0
1.363,0
1.666,0
1.25,0
3.75,0
4.333,1
1.541,1
4.176,0
1.645,0
1.269,0
3,1
3.185,0
6.718,1
1.25,0
3.401,1
2.055,1
7.273,1
1.543,1
2.868,1
1,0
1.272,0
1.6,0
3.6,1
1.405,0
1,0
1.607,1
3.167,0
6.641,1
1.428,1
2.166,0
4.268,0
1.194,1
1.444,0
1.941,1
3.922,1
2.922,1
1.2,0
2.375,1
2.016,0
2.962,1
1.76,0
1.7,0
2.413,1
8.086,1
17.904,0
1.166,0
2.555,0
1.285,0
3.6,1
1.793,0
4.071,1
2.221,0
6.1,1
3,0
2.787,1
1.583,0
3.555,0
1.714,0
1.8,1
1.763,1
2.38,0
1.761,0
1.813,0
1.793,0
1.357,1
5.632,1
3.333,0
1,0
8.478,0
4.833,1
1.272,0
1.348,1
2,0
2.104,1
1,0
1,0
1.891,0
2,0
12.692,1
6.266,1
3.048,1
3.338,1
1.974,0
1.681,0
1,0
2.297,0
5.525,0
4.333,0
1.681,0
1.969,0
2.611,1
5.888,0
6.758,1
1.536,0
1,1
2.379,1
1.88,0
1.571,0
1.153,0
2.782,1
5.019,1
1.333,1
8.851,1
2.777,1
2.232,1
2.812,0
1.5,0
1.722,0
3,1
1.6,0
4.476,1
2.31,0
1.873,0
3.318,1
1.902,0
5.857,0
2.666,1
2.535,0
4.07,1
1.238,0
2.36,0
2.173,0
1,0
1.679,0
1.379,1
1.411,0
3.4,1
2.44,1
1.071,0
1,0
3.56,1
2.784,0
6.11,1
4.924,1
6.789,1
2.75,1
4.75,0
2.676,1
1,0
3.025,1
4.192,1
2.818,1
6.111,1
1.703,0
1.114,0
82.25,1
3.302,0
5.634,1
1.82,0
1.631,0
1.197,0
3.826,1
2,1
2.545,0
2.604,0
1,0
1.465,0
3.577,1
3.685,1
3.186,1
3.664,1
17.857,0
3.444,0
1.642,0
2,0
1.428,1
1.846,1
1.626,0
4.215,1
2.43,0
2.088,1
1.92,0
4.18,1
2.678,1
1.6,0
5.297,1
2.566,0
3.659,0
4.022,1
1.841,1
2,0
1.711,1
1,0
1.769,0
2.434,0
1.5,0
3.629,1
14,0
1,1
1.89,1
12.176,1
2.222,0
2.577,0
3.343,1
1.346,0
2.468,1
4.179,0
1.315,0
2.125,1
1.166,0
6.033,1
1.8,0
5.25,0
1,0
3.35,1
1.705,0
1.562,0
1,0
1.964,0
5.593,0
4.653,1
1.807,0
3.657,0
3.525,0
1,0
2.89,1
2.033,1
1.857,0
1.8,0
1.833,0
5.038,1
8.476,1
2.093,0
1.933,0
1.866,0
3.761,1
2.9,1
3.533,0
2.111,1
31.388,1
1.4,0
1.5,0
2.264,1
1.27,0
6.187,0
1.3,0
1.333,0
1.833,0
4.59,1
2.04,1
4.037,0
3.85,0
1.477,1
1.8,0
2.287,0
5.571,1
3.015,0
8.636,1
1,0
3.809,1
1.875,0
2.714,0
1.428,0
2.413,1
2,0
2.235,1
1,0
1.837,0
1.545,0
6.09,0
3.5,1
3.74,0
2.662,0
2.386,0
14.619,1
1,0
2.234,0
14.88,1
2.375,0
1.375,0
1.394,1
3.75,1
1,0
1.75,0
1.389,0
2.538,1
4.393,0
5.833,1
1102.5,1
2.698,1
1.49,1
1.142,0
1.948,1
2,0
2,0
3.591,0
1,0
2.151,0
1.8,0
1.735,0
2.315,1
1.7,0
2.464,0
2,0
4.786,1
1.461,1
3.923,1
1.26,0
4.223,0
1.666,0
1.571,0
1.5,0
1.612,1
2.527,1
1.583,0
2.235,0
4.685,1
2.037,0
1.076,0
2.3,1
4.904,1
4.979,1
3.606,0
6.113,0
3.8,1
3.15,1
1.514,0
2.25,1
3.335,1
1.559,1
1,0
2.192,0
1.78,0
1.766,0
5.114,1
3.211,1
1.15,0
1.688,0
1.859,0
1,0
6.305,1
1.494,1
1.647,0
1.25,1
4.965,1
1.74,0
4.255,0
2.075,0
2.604,0
443.666,1
2.878,1
8.125,0
8.55,1
1.333,0
1.329,0
3.367,0
2.527,0
1,0
12.2,1
2.704,0
1.285,0
2.75,0
1.827,1
3.282,1
1.8,0
2.257,1
1.428,0
7.055,1
6.894,0
2.135,0
2.675,1
2.172,0
2.097,0
2.29,0
7.059,1
1.375,0
5.761,1
16.739,1
1.4,0
1.076,0
1.933,0
5.15,0
1.857,0
6,1
1.629,0
1.8,0
1.5,0
4.818,1
3.2,1
1.857,0
2.1,0
1.672,1
3.718,1
1,0
1.35,0
1,0
6.813,1
5.5,0
4.035,1
3.076,0
2.36,0
443.333,1
2.15,0
50.166,1
4.176,1
5.101,1
2.157,1
1.23,0
1,0
5.425,1
3.1,1
36.642,1
1.795,0
2.133,1
1.666,1
1.428,0
1.325,1
6.266,1
7.781,1
2.03,1
1.275,0
1.533,0
2.829,0
3.176,0
4.159,1
2.362,0
1.777,0
3.1,0
3,0
3.631,0
1,0
1.512,0
1.878,0
5.666,1
2.838,0
1.065,0
1.6,0
11.035,1
9.31,0
4.192,1
2.576,0
2.62,0
1,0
2.483,0
8.026,1
1.764,0
1.967,0
1.95,0
4.923,1
2.666,0
1.69,1
1,0
1.076,0
1.818,0
1.645,0
18.4,1
2.423,0
2.391,1
1.246,1
2.333,0
2.288,0
3.925,1
2.095,0
4.75,0
1.96,0
4.066,1
3.95,1
2.097,0
1.2,0
2.111,0
6.725,1
4.623,1
1.09,0
4.068,0
1.1,1
1.663,0
3.384,1
5.833,1
2,0
1.769,0
1.677,0
2.09,0
3.851,0
1.59,0
5.25,1
1.545,0
3.257,1
5.3,0
3.702,1
1.919,0
5.955,1
3.384,1
1.75,0
1.555,0
1.857,0
1.117,0
2.111,1
3.041,0
2,0
3.196,0
1.649,0
3.716,0
5,0
2.166,1
5.105,1
1,0
2.63,0
4.114,0
4.176,1
1.3,0
3.902,1
1.538,0
6.1,1
20,0
5.086,1
2.559,1
6.978,1
1.494,1
2,1
1.13,0
2,0
3.857,0
3.651,0
15.086,1
1.705,0
4,0
1.796,1
1.771,0
1.732,0
9.411,1
1.529,0
2.283,0
1.442,1
2.413,1
3.294,0
1.746,0
2.062,0
2.538,0
1.877,0
2.356,0
3.485,1
2,0
1.678,0
3.689,1
1.491,0
4.523,1
2.818,1
2.222,0
2.37,1
4.11,0
1.695,0
2.141,1
1.8,0
1,0
1,0
1.23,0
3.5,1
3.657,0
1,0
2.333,1
1.48,0
4.808,0
1.558,1
6.588,1
1,0
4.333,1
16.587,1
1,0
3.621,1
2.457,0
2.603,0
1.846,0
1,0
1.515,1
1.733,0
1.607,0
1.777,0
3.571,0
2.06,0
1.704,0
3.117,0
3.772,0
5.938,1
1,0
5.538,1
2.15,1
2.106,1
1.263,0
2.524,0
2.157,0
1.836,0
6.601,1
2.238,0
2.166,0
3.571,1
2.5,0
2.4,0
1.666,0
1,0
2.962,1
1.74,1
2,0
1.195,0
1.813,0
1.333,0
5.105,1
6,1
1.4,0
2.926,0
2.63,0
5.473,0
1.411,0
1.25,0
2.333,1
3.333,0
1.948,0
1.954,1
2.777,1
5.5,1
1.58,1
2.307,0
2.854,0
1,0
5.8,0
2.032,1
5.96,1
6.815,1
3.956,0
1,0
1,0
1.75,0
3.533,1
1.576,0
1,0
2.9,0
2.171,0
4.5,1
1.612,1
12.382,1
2.44,0
1.619,0
2.186,0
2.655,0
1.48,0
2.108,0
2.125,0
1,0
1.75,0
1.571,0
2.25,0
2.571,0
5.782,1
1.5,0
1.894,1
3.341,1
5,1
3,1
3.29,1
1.919,0
2.411,1
9.444,1
2.063,0
4.19,0
5.357,0
2.16,0
5.875,1
3.782,0
2.634,0
3.621,1
1.666,0
3.2,0
2.533,0
2.388,0
1.787,1
4.115,0
1.947,0
2.565,0
3.272,1
4.461,0
1.058,0
1.444,0
1.102,1
1.767,0
3.066,1
1.333,0
2.983,0
49.866,1
3.387,0
3.937,0
4.058,1
7.046,0
1.559,1
1,0
1.125,0
1.506,0
4.022,1
2.222,0
3.142,0
1.693,1
2.375,0
4.064,1
2.75,0
1.25,0
2.043,0
1.052,0
2.133,1
5.846,0
3.598,1
1.12,0
1,0
1.411,0
6.529,1
2.742,1
1.462,0
1.416,1
1,0
2.035,0
1.285,0
1,0
1.625,0
4.33,1
1.4,0
2.403,1
3.697,1
2.95,0
2.861,1
1.478,0
1.8,0
1.222,0
3.459,1
3.096,1
1.515,1
18.454,0
2.932,1
2.74,1
1.714,0
1.363,0
1.3,0
2.333,0
1.535,0
6.05,1
2.921,0
2.195,0
1,1
3.315,0
1.11,0
2.666,0
3.176,0
3.071,0
2.409,0
3.846,0
2.541,0
1,0
6.602,1
1.72,0
1.777,1
4.875,1
3.26,0
2.25,0
4.444,1
1.312,0
1,0
3.632,1
2.724,0
2.065,0
3.7,0
3.08,0
3.575,1
3.338,0
1.788,0
4.352,0
8.55,1
1.4,0
3.4,1
6.544,1
1.361,1
5.279,1
2.678,1
4.897,1
4.818,1
4.47,1
1.23,0
2.511,1
2.727,0
2.484,0
6.652,1
1.421,1
1,0
1,0
1.377,1
1.229,0
5.5,1
5.783,1
5.549,1
2.6,0
1.571,0
1.568,0
1.89,0
2.291,0
1,0
1.666,0
5.5,0
3.737,1
2.725,0
2,0
1.915,0
6.275,1
1.333,0
2.013,0
4.215,1
1.875,0
2.293,1
6.813,1
4.941,1
1,0
5.289,1
2.78,0
1,0
1.924,0
1.375,0
3.333,0
1.294,0
2.686,1
1.25,0
1.136,0
1.352,0
2.157,1
2.193,0
3.244,1
6.268,1
8.76,0
4,1
1,0
2.829,0
1.696,0
1.433,0
44.72,1
7.541,1
1,0
3.666,1
1.804,0
1.361,0
1.235,0
6.166,1
4.32,1
2.606,1
2.227,0
2.557,0
2.731,0
2,0
1.733,1
1.24,0
1.722,0
1.487,0
3.875,1
4.757,0
5.769,1
5.264,0
2.141,0
3.583,0
1.8,0
4.309,0
1.325,1
3.925,1
3.333,1
5.857,0
1,1
2.171,0
2,0
1,0
4.297,1
2.15,1
13.936,1
1.42,1
3.554,1
2.182,0
1.364,1
6,0
1,0
2.246,0
5.16,1
1,0
2.364,0
4.476,0
2.533,0
1.312,1
2.84,1
2.25,0
1.074,0
6.978,1
4.054,0
1.517,0
2.567,0
1.614,0
1,0
5.5,1
104.666,1
1.166,0
1.055,0
2.307,0
1.535,0
3.472,0
1.403,0
1.827,0
1,0
6.137,0
1.8,0
295,1
1.736,0
1.888,0
4.326,0
1.428,0
6.142,1
2.562,0
1,0
1.786,0
2.95,0
2.879,0
1.888,1
3,0
1.555,0
2.966,1
3.591,1
1.859,1
4.758,0
4.155,1
3.414,1
2.5,1
1.488,0
1.8,1
3.631,1
2.257,1
5.038,1
1.189,0
2.24,0
2.41,1
4,1
1.625,0
1.3,0
3.061,0
1,1
193.5,1
1.043,0
1,0
1,0
1.333,1
4.818,1
6.685,1
8.312,1
4.194,1
1.533,0
4.029,1
1.537,1
4.6,1
1.866,1
1.222,0
1,0
3.066,1
3.694,1
1.748,1
1.203,0
1.538,0
4.586,0
2.162,1
9.039,1
2.3,0
1.419,0
2.777,0
1.307,0
4.333,1
8.026,1
3.552,1
6.3,1
6.428,0
3.7,0
1.428,0
1.611,0
2.333,0
2.142,0
9.705,1
1.8,0
5.783,1
2.95,1
16.217,1
5.392,1
1.625,0
1.166,0
2.145,0
1.148,0
1.718,0
1,0
1.125,0
2.925,0
3.875,0
5.454,1
1.909,0
5.603,0
2.625,1
4.536,0
3,0
2.405,1
2.941,0
1.348,1
1.522,0
2.08,0
1.296,0
1.838,1
1.2,0
2.022,1
2.926,1
6.586,1
2,0
1.307,0
14.301,1
6.602,1
1.873,0
2.345,0
1.884,0
2.176,0
2.9,0
6.09,0
8.763,1
1.671,0
6.073,1
1.937,0
2.2,0
2.5,0
1.363,0
1.494,1
4.111,1
2.823,1
8.117,0
4.947,1
129.5,1
1.466,0
9.727,1
3.131,1
1,0
3.416,1
6.5,1
1.538,0
1.1,0
2.028,0
1,0
1.461,1
9.218,1
1,0
1.033,0
4.052,0
2,0
1,0
2.142,0
2.627,1
1.937,0
6.487,1
2.552,0
1.312,0
2.409,0
1.611,0
2.882,0
2.724,0
1,0
1.3,1
1.181,0
4.02,1
5.2,0
1.75,0
2.297,1
1.222,0
1,0
2.541,0
1.512,1
1.733,1
3.454,1
1.502,0
4.1,1
6.049,1
3,0
2.162,1
1.903,1
1.196,0
1.348,0
1,0
1.428,1
1.387,0
5.466,1
15.16,1
1.637,0
5.888,0
3.391,0
2.143,0
3,0
3.857,1
2.44,1
2.111,1
2.319,0
2.315,1
1.416,1
14.619,1
4.031,1
2.428,0
2.976,0
9.428,1
1.406,0
1.494,1
1.55,1
1.357,1
1,0
3.5,0
2.312,0
1,0
1.8,0
1.8,0
2.103,1
3.138,1
5.114,1
4.391,1
4.75,1
1.666,0
1.677,0
2.646,0
4.047,1
3.461,0
5.802,0
1.347,0
4.541,1
1.785,0
1.212,0
5.888,0
1.379,1
2.076,0
4.984,0
4.472,0
1,0
1.538,0
1.4,0
1,0
1.955,0
2.982,0
1.214,1
4.25,0
1.666,0
1.702,0
2.275,0
1.857,0
4.257,0
9.827,1
1.071,0
2.875,0
4.923,1
4.971,1
8.55,1
2.344,0
1,0
295,1
6.612,1
3.043,0
1.636,0
2.353,1
2.909,1
1.494,1
1,0
4.5,1
2.08,1
2.525,0
17.481,1
3.552,0
2.638,0
1.647,0
11.32,1
3.225,1
4.307,1
2.419,0
2.037,0
2.755,1
3.446,1
2.102,0
1.147,0
5.3,1
1.5,0
1.796,1
3.305,1
1.4,1
6.8,1
1.803,0
1,0
5.323,1
2.363,0
4.07,1
2.454,0
4.818,1
3.488,1
1.862,1
3.535,1
1,0
1,0
4.166,1
3.478,0
1.583,0
7.192,1
1.773,1
1.627,0
3.129,0
1.387,0
3.294,1
1.326,0
1.736,0
3.895,1
1.057,0
1.477,1
6.652,1
1.781,1
1.825,0
1.789,0
1.59,0
1.494,1
1.823,0
1.111,0
2,0
1.833,0
2.351,0
1.551,0
4.771,0
2.414,0
2.017,0
1,0
4.07,1
1.8,0
2.894,0
1,0
2.161,0
2.284,0
6.652,1
3.857,1
3.4,1
2.52,1
3.333,0
2,0
2,0
7.55,1
2.548,0
3.065,1
1.25,0
1,0
3.75,1
1,0
2.083,1
2.714,0
1.666,0
19.26,1
2.866,1
2.333,0
1.564,0
3,0
1.615,0
1.679,0
1.888,0
2.447,0
3.851,1
3.115,1
1.666,0
1.461,0
1.775,0
1,0
1,0
5.792,1
6.134,1
2.333,0
1.966,0
2,1
2.886,1
3.418,1
2.716,0
2.632,1
1.863,0
1.888,0
1.307,0
2.336,1
105.8,1
2.333,0
1,0
1.955,0
1,0
5.114,1
1.433,0
2.225,0
2.059,0
4.5,1
4.337,1
1.25,0
3.195,0
2.666,0
2.5,0
1.962,0
1.347,0
3.322,1
1.537,1
1,0
3.891,1
2.161,0
3.454,1
5.567,1
1.94,1
1.283,1
2.934,1
2.724,0
4.32,1
2.623,1
2.333,0
2.593,0
3,1
2.777,1
1,0
6.333,0
8.192,1
1.758,0
5.323,1
1.833,0
4.45,1
5.96,1
9.2,1
1,0
1,0
1.714,0
1,0
1.259,0
11,1
1.806,0
4,1
1.787,0
3.337,1
1.515,0
1.571,0
9.052,1
2.15,1
5.633,0
1.285,0
1.666,0
1.5,0
5.793,1
1.411,0
5.607,1
1.468,0
1,0
1.842,0
1.466,0
1.226,0
2.09,0
1.1,0
2,1
3.322,0
16.418,1
3.725,1
2.28,0
1.333,0
2,0
1.714,1
10.036,0
4.23,0
3.5,1
3.702,1
2.161,0
2.35,0
3.446,1
1.181,0
3.541,0
2.432,0
2.652,1
1.5,0
2.695,0
1.566,0
2.326,1
5.792,1
6.294,1
5.301,1
2.833,0
4.665,0
2.677,0
5.456,1
1.785,0
1,0
1.1,1
2.125,0
5.454,1
2.277,0
1.727,0
1.6,0
1.777,0
3.787,1
8.761,0
2.178,0
3.037,0
1.772,0
2.285,0
3.275,0
1.818,0
2.391,0
1.714,0
4.634,0
2.689,1
3.833,1
2.777,1
1.8,0
8.161,1
13.5,1
1.117,1
1.632,0
3.697,1
1.5,0
2.258,0
1.997,0
3.28,1
2.688,0
1.6,1
1.166,0
1.983,0
1.625,0
4.333,1
2.236,0
2.556,0
2.329,1
9.1,1
1.705,0
2.676,1
1.541,0
1,0
1,0
1.085,0
1.416,0
1.666,0
5.108,1
1,0
2.121,0
1.8,0
16.217,1
4.596,1
4.226,0
2.466,1
1.67,1
8.523,1
1.863,0
8,1
3.16,1
1.6,0
2.591,1
7.588,0
4.375,0
1.38,0
1.586,0
1.538,0
2.057,0
2.166,0
1.906,0
6.518,1
2.608,0
13.562,0
2.614,1
2.969,0
2.333,1
5.415,1
1.966,1
1.695,0
5.083,1
2.037,0
1.8,0
1.166,0
1.714,0
3.389,1
2.12,0
5.175,1
2,0
1.461,0
2.156,1
2,0
1.404,0
3.111,1
2.386,0
1.794,0
3.333,0
2.658,0
2.2,1
7.464,0
17.952,0
2.26,1
10.625,1
3.242,0
2.554,0
1.8,0
1.583,0
2.555,1
1.6,0
1.263,0
1.47,0
5.778,1
2.466,0
1.064,1
2.569,1
1.181,1
1.75,0
239.571,1
2.666,1
1.222,0
1.294,1
1.409,0
2.571,0
1,0
1,0
6.789,1
1,0
1.636,0
1,0
1.54,1
1.437,1
2.326,0
1.36,0
2.878,1
6.683,1
2.571,1
2.222,0
1.222,0
3.121,0
1.8,0
1.428,0
4.807,0
1.142,0
1.652,0
3.166,1
1.918,0
2.472,0
1,0
3.705,1
3,0
2.47,1
1.729,1
1.8,0
2.692,1
1.062,0
2.714,0
3.179,0
4.77,1
9.601,1
4.689,1
1.523,0
1.5,0
7.887,1
1.647,0
1.592,0
2.593,1
2.056,0
2.285,0
3.441,0
5.07,0
1.5,0
1,0
1.655,0
1.641,0
3.809,1
3.4,1
1.531,0
1.666,0
1.8,0
2.333,0
2.468,0
2,1
2.345,1
1.333,1
3.454,0
1.866,0
6.266,1
1,0
3.015,1
1,0
3.862,0
1.5,1
1.291,0
1.222,0
2.069,0
3.519,1
1.333,0
1.423,1
5.708,1
1.388,1
1.664,0
3.461,0
1.681,0
2.973,1
3,1
1,0
3.552,0
11.735,1
2.588,0
3.706,1
15.333,0
1,0
1.64,0
1,0
1.5,0
2.342,0
26.5,1
3.382,1
5.85,1
1.494,1
2.44,0
1.166,0
1,0
3.125,0
2.294,0
1.728,1
5.189,0
1,0
1.166,0
2.444,1
20,1
1.4,0
1.545,0
7.512,1
4,1
1.727,0
2.119,0
3.286,1
3.368,0
3.076,1
1.086,0
3.133,0
1.638,0
1.848,0
1.685,0
1,0
1,0
1.2,0
6.055,1
69.727,1
1.611,0
1.688,1
7.202,1
5.274,1
1.461,0
2.259,0
7.651,1
2.604,0
19.234,1
3.976,1
5,1
4.16,1
1.976,0
1.263,0
1.625,0
2.47,1
2.367,0
4.181,1
1.166,0
1.8,0
4.909,1
19.482,1
3.278,1
2.59,0
4,1
1.797,0
57.23,1
9.781,1
2.184,0
2.6,1
1.272,0
4.195,1
8.166,1
13.82,1
2.071,0
1.666,1
2.586,1
1.792,0
5.538,1
2.481,0
5.375,0
1.857,0
2.623,1
3.052,0
251,0
1,0
3.789,0
1.428,0
3.816,1
1.666,0
1.583,1
1.866,0
1.32,0
1.696,0
1.89,0
2.807,1
3.25,0
2.847,1
1.752,1
6.652,1
11.066,1
1.461,0
1.9,0
2.496,0
2.46,0
2.282,0
1,0
2.892,0
1.542,0
1.571,0
1.526,0
1,1
2.315,0
1.5,0
1.379,0
2.285,0
1.745,1
13.235,1
1.324,0
7,0
3.166,1
2.21,0
1,0
3.875,1
1.961,0
3.509,1
3.015,1
2.333,1
1.784,0
1.937,1
1.275,1
2.417,1
3.314,1
1.533,0
72,1
1.823,1
1.058,0
4.319,1
18.4,1
1.535,0
1.464,0
1,0
1.131,0
5.918,1
1.2,0
1.979,0
8.323,1
17.952,0
1,0
4.533,0
1,0
3.851,1
1.392,0
1.455,0
4.829,1
12.904,1
4.325,0
3.401,1
2,0
3.153,0
2.094,0
5.196,0
2.444,0
4.947,1
2.28,0
2.506,0
2.133,0
1.729,0
2.204,0
2,0
337.25,1
1.827,0
2.794,1
1.133,0
1.735,0
14.818,1
1.74,1
2.215,0
8.55,1
2,0
2.083,1
2.928,0
1,0
1,0
1,0
1.75,0
4.333,0
1.476,0
2.178,0
1.166,0
2.852,0
10.068,1
2.3,0
8.972,1
3.178,1
2.318,0
2.647,0
3.637,0
1.738,1
2.5,0
5.21,1
2.293,0
3.971,0
2.2,1
1.884,0
1.857,0
5.608,1
10.159,1
1.574,0
2.973,1
2.529,0
2.373,1
1.873,0
5.985,1
1.974,0
1.125,0
1.897,0
2.13,1
1.923,0
3.333,1
10.375,1
5.538,1
3.304,0
3.215,1
1.769,0
1.911,0
2.534,0
1,0
4.047,1
3.716,1
1.833,1
1,0
4.5,0
4.308,0
1.777,1
2.441,1
1.12,0
3.932,1
1.829,1
2.187,0
1,0
2.23,1
4.23,1
6.233,1
2,0
4.022,1
3.106,1
4.928,1
3.782,1
1,0
1,1
3.837,1
1.114,0
2,1
1.5,0
4.438,0
1.25,0
1.82,1
2.309,1
1,0
1.972,1
4.228,0
1.285,0
7.561,1
4.512,1
2.05,1
1.142,0
1.372,1
2.802,1
4.16,1
1,0
3.973,0
1.494,1
2.016,0
1,0
4.945,1
1.56,0
2.576,1
1.386,0
2.747,0
1.318,0
1,0
1.22,0
2.025,0
7.205,1
17.074,1
2.725,0
1.095,1
2.44,1
2.576,1
1.131,0
4.446,0
4.275,0
7.178,1
1.8,0
1.25,0
5.695,0
3.291,0
2.81,1
2.922,1
2.269,1
1.857,0
8.55,1
2.368,0
1.518,0
3.965,1
1.505,0
1.16,0
1.375,0
1.692,0
2.156,0
1.335,1
5.428,1
2.22,1
5.607,1
1.21,1
2.695,1
1.692,0
2.604,0
2.132,1
3.168,1
1.111,0
1.75,0
2,0
2.595,0
4.18,1
2.6,1
1.25,0
9.56,1
5,1
1.843,0
1.833,0
1.79,0
3.937,1
1.38,0
12.43,0
2.204,0
14.283,1
4.722,1
2,1
1.25,0
2.165,0
6.77,1
1.8,0
3.888,0
2.216,0
1,0
7.857,1
6.266,1
1,0
1.938,1
1.6,0
2.797,0
3.807,1
1.482,0
1.444,0
4.211,0
3.168,1
3.166,1
1.651,0
1,0
1.564,0
1.8,0
1.967,0
1.307,1
7.18,1
4.215,1
1.983,0
1.87,0
2.36,1
2.108,0
1,0
3.95,1
1.5,0
1.836,0
1,0
1,0
2.666,0
11.687,0
1,0
2.472,1
2.222,1
1,0
1.451,0
10.372,1
3.28,1
2.101,0
1.1,0
1.592,0
1.895,1
2.363,1
2,0
2.45,0
4.123,1
1.166,0
3.041,0
2.934,1
1.285,0
4.971,0
5.328,1
1.812,0
1,0
1,0
1.78,0
2.52,0
16.826,1
1.433,0
1.647,0
4.225,1
2.068,0
26.405,1
3.794,1
1,0
6.266,1
5.038,1
1.837,0
1,0
4.555,1
1.8,0
1.712,0
2.09,1
1.414,0
3.39,1
3.1,0
1.214,0
1.142,0
7.478,1
2.972,0
10.692,1
1,0
3.482,0
3.964,1
18,0
2.272,0
3.888,0
1,0
3.178,0
2.621,0
2.403,1
7.258,1
1.206,1
1.608,0
1.76,0
5.236,1
1,0
1.979,0
1.375,1
3.34,0
86.65,1
2.962,0
1.61,0
1.066,0
1.617,1
2.776,0
2.47,1
1,0
1,0
6.404,1
1,0
3.222,0
1.6,0
3.8,1
1.742,0
1,0
2.085,0
2.349,1
1.518,1
2.25,1
1.915,1
1.266,1
1.768,0
7.497,1
1.75,0
1,0
2.538,0
1.341,0
1.429,0
3.921,1
4.818,1
1,0
1.8,1
4,1
3.25,0
1.425,0
2.227,0
2.666,1
4.652,1
1.419,1
1.77,0
2.923,1
2.038,0
1.974,0
2.068,0
1.8,0
1.222,0
2.1,0
3.627,0
4.666,0
4.341,0
5.659,1
1.866,0
2.187,0
1.428,0
1.931,0
1.578,0
3.809,1
3.509,1
2.336,1
1,0
1.857,0
2.508,0
2.166,0
13.82,1
3.259,1
1.533,0
4.137,1
1.482,0
2,0
1.494,1
1.666,1
6.364,1
2.201,0
1.48,1
5.888,0
3.772,0
2.376,1
5.454,1
3.317,0
2.442,0
1.423,1
1,0
2.321,0
8.55,1
3.849,1
2.35,1
2.333,0
1.411,0
7.277,1
1.214,0
1,0
3.173,0
1.125,0
2,0
2.11,1
2.222,0
5.558,1
1.137,0
2.23,0
2.96,1
1,0
2,0
1.2,0
14.58,1
5.114,1
1.125,0
3.401,1
2.117,0
173,1
1.688,1
1,0
1.08,0
2.145,0
1,0
1,0
1.111,0
2.153,1
1.588,0
5.787,1
2.666,0
1,0
4.892,1
2.825,1
13.333,0
2.166,0
4.391,1
2.438,1
1.8,0
2.313,0
1,0
2.425,0
1.8,0
2.112,0
1.666,1
3.904,0
10.578,1
1.333,1
3.89,1
3.317,1
1,0
2.95,1
1,0
2.542,0
6.423,0
1.384,0
6.186,0
3.613,1
2,0
4.512,1
18,0
2.853,0
8.5,1
5.038,1
2.917,1
1,0
4.608,0
2.813,1
2.333,1
1,0
3.2,1
1.684,0
3.184,1
1.375,0
4.16,1
10.409,0
2,0
1.333,0
3.968,0
3.626,1
9.64,1
1.25,0
2.394,0
1.5,0
5.888,0
2.142,0
1.3,0
6.937,1
2.604,1
4.273,1
2.818,1
1.458,0
3.333,1
2.25,1
3.545,1
7.3,1
1.853,0
1,0
1,0
2.85,0
3.689,1
4.295,1
1.962,0
1.87,0
5.016,0
1.826,1
86.7,1
2.35,1
2.701,0
3.6,0
1.51,0
1.616,0
1.961,1
1.5,0
2.136,0
1.5,0
5,0
5.5,0
3.989,0
6.091,1
18,0
2.587,0
1.698,0
1.903,0
1.6,0
1.333,0
1.3,0
6.823,0
2.738,0
1.541,0
1,0
1.7,1
8.55,1
1.687,0
2.548,1
2.324,1
32.142,1
2.634,0
8.445,1
2.125,0
1.666,0
2.45,0
3.125,0
3.333,0
4,0
6.8,1
1.843,0
1,0
3.697,1
1.477,1
3.697,1
1.047,0
1,0
1,0
8.375,1
2.492,1
2.482,0
2.9,1
2.451,0
2.733,0
4.368,0
1.384,0
2.224,0
9.269,1
2,0
3.122,0
1,0
1.285,0
3,0
2.3,1
1.769,0
2,0
2.455,1
8.517,1
6.584,1
2.255,0
2.473,0
4.792,1
2.2,0
1.285,1
2,0
9.1,1
2.034,0
3.125,0
6.395,1
3.23,1
1.166,0
3.816,1
1.597,1
1.8,0
1.913,0
1.142,0
1.047,0
2.826,0
2.473,0
3.428,1
2.818,0
1.206,0
1.25,0
2.238,0
4.113,0
1,0
1.437,0
1.84,0
8.207,1
1.98,1
1.292,0
1.6,1
21.428,1
2.777,1
3.414,1
2.531,1
1.153,1
4.2,1
3.103,0
3.086,0
2.068,0
2.161,0
2.888,0
1,0
5.335,1
9.266,1
57.076,1
589,1
8.777,1
2.342,0
2.238,0
1.545,0
2.895,0
2.16,0
3.272,1
4.911,1
8.781,1
2.441,1
1.891,1
1.8,0
3.607,1
1.333,0
2.166,0
5.291,0
2.575,0
5.216,1
3.682,0
4.157,1
5.331,0
2.555,0
3.363,1
2.23,0
1.214,0
1,0
2.674,0
1.945,0
1.94,1
1.571,0
1.6,0
3.547,0
2.059,0
2.105,0
1.792,0
2.75,0
3.923,0
8.55,1
3.439,1
2.361,0
3.4,0
1,0
3.39,1
1,0
5.13,1
1.973,0
1.813,0
1.818,1
2.333,0
1.72,0
2,0
2,0
2.266,0
1.642,0
6.096,0
107.4,1
2.125,0
18.37,1
1.142,0
4.913,1
2.217,1
1.727,0
7.3,1
3.105,1
2.441,1
3.714,0
2.686,1
4.093,0
4.466,1
3.369,0
3.591,1
2.15,0
2.05,0
3.521,1
1.714,0
3.333,0
1.6,0
1.515,1
1.8,0
5.928,1
1.79,0
2.016,0
3.983,0
2.391,0
1.574,0
3.23,1
2.44,0
3.121,1
1,0
4.754,1
4.066,1
4.493,1
1.676,1
1.741,1
1,0
2.25,0
3,1
1.766,1
16.826,1
1.673,0
3.199,1
5.241,1
1.838,0
1.969,0
1.142,0
5.709,1
2.341,0
4.735,1
1.952,0
1,0
1.6,0
2.673,0
2.444,1
8.666,1
1.576,0
2.383,1
3.617,0
1.409,0
1.8,0
3.587,0
3.184,1
2.955,1
1.754,0
1.233,0
2.283,1
2.79,0
3.304,0
2.333,0
2,0
2.45,0
2.75,1
2.468,0
2.156,0
3.372,0
14.619,1
3.809,1
1.275,0
1.666,0
2.95,0
7.416,0
1,0
1,0
1.611,0
3.5,0
1.387,0
12.064,1
1.727,1
2.848,0
2.074,1
1.745,0
1.111,0
1.641,0
1,0
5.872,1
1.785,0
1.58,0
4.791,0
1.75,0
3,0
1.276,0
2.953,0
3.922,1
2.638,0
1.055,1
1.5,0
1.393,0
2.021,1
2.375,1
3.979,1
1.76,0
1.068,0
2.5,0
2.779,1
4.122,0
4,1
1.617,0
1.777,0
1,0
1.569,0
5.428,1
2.6,0
1.104,0
2.531,0
2.034,0
1.833,0
1.75,0
5.61,0
1.669,0
10,0
2.058,0
2.944,1
2.101,1
1.912,0
3.564,1
5.582,1
1,1
6.11,1
2.352,0
1.285,0
5.328,1
1,0
1,0
1.687,0
1.25,0
2.519,0
5.5,0
1.363,0
1.784,0
3.702,1
2.769,1
1.203,0
4.319,1
2.239,0
2.588,0
2.9,1
2.517,1
2.166,0
5.87,1
1.153,0
2.653,0
50,0
1,0
4.281,1
4.07,1
2.833,0
3.384,1
1.3,0
1.842,0
3.333,0
4.35,1
1,0
4.128,0
1.717,0
4.277,1
2.487,0
9.5,1
16.304,1
2.464,0
1.725,0
1.661,1
1.489,0
4.551,1
2.322,1
4.947,1
1.279,0
3.189,0
6.51,0
5.754,0
1.531,1
4.024,1
1.823,0
6.125,1
5.555,0
3.545,1
5.683,1
2.232,0
1.115,0
1.785,0
2.179,1
4.411,0
4.02,1
1.775,1
2.692,0
2.343,0
6.813,1
10.366,1
1.615,0
2.916,0
5.403,1
2.016,1
1.769,0
2.302,1
1.32,1
5.759,1
3.361,1
3.475,0
5.886,1
4.818,1
6.166,1
25.812,0
1.978,0
3.281,1
1.41,0
2.428,1
2.09,1
1.523,0
3.214,0
2.352,0
4.23,1
1.14,0
7.55,1
4.171,1
2.587,0
2.379,1
3.478,0
2.257,1
3.995,0
57.23,1
2.315,1
1.53,1
1.256,0
3.897,1
1,0
11.592,1
29.125,1
1.948,0
1.986,0
3.584,1
1.466,0
2.5,1
1.466,0
1.531,0
2.351,1
2.413,0
5.019,1
1.292,0
1.8,0
3.555,0
1.722,0
1021.5,1
3.225,0
1.148,0
2.811,1
1.111,0
4.13,0
2.08,1
9.125,0
2,1
3.117,0
1.586,0
2.122,1
7.439,1
1.45,0
1,0
1.131,1
2.61,1
1.372,1
3.888,0
2.045,0
1,0
5.681,1
1.6,0
4.857,1
12.148,1
1,0
3.625,0
2.967,0
7.484,1
1,0
2.619,0
1,0
1.375,0
1.468,1
2.666,0
3.254,1
2.461,0
1.25,0
3.8,0
2.236,0
3.771,1
3.075,1
2.9,1
3.149,0
5.241,1
1.25,0
5.551,1
1.187,0
2.486,0
2.625,0
1,0
2.651,1
7.202,1
2.25,1
3.95,1
1.714,0
2.823,1
2.263,1
10.692,1
1.218,0
3.521,1
1.595,0
1.7,0
2.241,0
1.366,0
1.225,0
1.531,0
3.529,1
2.714,0
2.076,0
1.166,0
57.23,1
1.241,0
1.833,0
2,0
2.488,0
3.5,0
1.857,0
2.076,0
2.333,1
3.731,0
2.607,0
1,0
1.181,0
2.918,0
1.752,1
1.333,0
2.306,0
5.687,1
3.675,1
2,0
2.241,0
4.36,0
4.818,1
8.08,1
6.896,1
1.956,1
2.277,0
1,0
1.133,0
1,0
2.128,0
1.677,0
1.533,0
2.347,0
1.508,0
3.125,1
7.025,1
2,0
1.666,0
10.125,1
1.486,0
4.398,1
4.5,1
1.125,0
1,0
1.666,1
2.432,0
1,0
1.314,0
1.592,0
1.238,1
4.896,1
1.968,1
1.454,0
1.25,1
13.266,1
1.545,0
1.686,0
2.636,0
16.644,1
3.115,1
2.878,1
1,0
2.555,0
1,1
5.872,1
6.666,0
2.4,0
2.441,1
2.3,1
3.315,0
1.373,1
1,0
2.296,0
1.75,0
10.012,0
1.666,0
2.09,0
1.689,0
2.607,0
1,0
4.117,0
3.816,1
1,0
2.358,1
3.222,0
6.274,1
4.438,0
11.242,1
2.351,1
2.944,0
1.636,0
2.2,0
1.354,0
1.607,0
1.636,0
2.717,1
1,0
4.09,1
3.048,1
2.667,0
1.565,0
1.454,0
3.163,1
5.515,0
1.736,1
1,0
1.416,0
2.307,0
2.021,1
10.117,1
3.168,1
2.754,0
4.285,1
1.8,0
15.892,1
2.142,0
4.974,1
1.949,0
5.888,0
2.681,1
2.324,0
1,0
2.565,1
2.058,1
1,0
1.166,0
3.187,0
1.529,0
1.904,0
3.343,1
1.85,0
1.142,0
1.875,0
2,0
1.391,0
1.181,0
5.648,1
1.901,0
1.523,0
1.775,1
1.687,0
2.097,0
2.695,1
6.652,1
2.064,0
4.8,0
1.23,0
8.083,1
1.482,0
2.842,1
1.25,0
2.351,0
6.758,1
1.488,0
3.728,1
1.56,0
7.484,1
2.022,0
4.066,1
4.7,0
2.35,0
1,0
5.111,0
2.448,1
2.589,0
1.379,0
2.829,0
3.732,0
1.227,1
5.2,0
1.533,0
2.333,0
1,0
1,0
1.292,0
2.275,0
2,0
1,0
1.936,0
1.829,0
1,0
1.166,0
1.601,0
3.298,0
3.537,1
3,1
3.697,1
3.318,1
2.25,0
3.833,1
7.18,1
1.3,0
2.565,0
1,0
1.166,0
16.782,1
2.588,1
2.166,0
1,0
5.888,0
3.285,0
1.722,0
9.29,1
9.876,0
1.494,1
6.588,1
1,0
5.423,1
2.044,1
22.714,1
1.416,0
1.722,0
1.545,1
1.861,1
3.761,1
14.406,1
3.219,1
3.305,1
9.25,1
2.512,1
7.181,1
1.765,0
1.227,0
3.086,0
1.682,1
1.792,1
1.187,0
2.705,0
2.666,1
6.526,0
7.24,1
4.906,1
1.932,1
3.333,0
2.755,1
8.55,1
1,0
5.13,1
1,0
1.333,0
2.315,0
1.187,0
2.041,1
2.147,0
2.72,0
1.459,0
2,0
1.176,0
3.217,1
1.231,0
3.285,1
1.29,0
1.392,1
1,0
1.333,1
2.3,0
2.883,0
1.75,0
5.833,1
1.677,0
1.3,0
3.975,1
5.02,1
1.8,0
2.024,0
1.454,0
2.078,0
6.722,1
1,0
3.884,1
1.446,0
2.88,0
1,0
1,0
1,0
6.652,1
1.946,1
1,0
3.214,1
2.857,1
2.16,0
3.5,1
1.565,0
2.142,0
4.84,1
2.125,0
2.45,1
1,0
2.277,0
1.588,0
3,1
3.055,0
1,0
2.166,1
4.881,1
2.643,0
4.071,1
3.8,1
2.658,0
1.826,0
2.195,1
5.228,1
2.137,0
2.053,0
2.941,0
1.5,0
5.2,1
1.36,0
2.891,0
2.607,0
1,0
2.574,0
1.536,0
2,1
1.25,0
1.758,0
8.181,1
2.309,0
2.125,0
1,0
1.156,0
2.195,1
1.228,0
1,0
1.272,0
1,0
1,0
1.87,0
2.735,0
2.5,0
2.61,0
3.685,0
2.87,0
6.912,0
2.018,0
2.346,1
4.225,1
1.44,1
3.186,1
3.112,1
1,0
20,1
1.483,0
2.848,0
1,0
1.687,0
3.151,0
2.329,1
2.526,0
1,0
7,1
2.271,1
2.292,0
7.121,1
2.227,1
1.5,0
2.277,0
3,1
7,0
4.06,0
3.596,0
2.17,1
1.333,0
3.417,1
2.446,1
2.058,1
1.494,1
3.871,1
3.901,0
1.785,0
3.212,0
3.09,0
2.84,0
1.66,0
1.857,0
10.068,1
1,0
1.711,0
2.333,0
1.023,1
3.768,1
5.76,1
1.545,0
5.428,1
4.586,1
2.203,0
5.5,1
1.2,1
1.75,0
2.766,0
2.5,0
1.456,1
1.2,0
2,0
5.431,1
2.17,1
1.947,0
15.5,1
1.424,0
1.494,1
1.47,0
2.428,1
1.372,0
1.666,0
1.214,0
2.705,1
3.875,0
10.692,1
1.786,0
3.25,0
4.03,0
1.428,1
1.271,0
2.307,1
1.447,1
1.25,0
3.179,1
1.483,0
1,0
5.8,1
2.294,0
1.897,0
2.555,1
2.426,0
1,0
2.5,0
2.5,0
4,0
4.296,0
1.083,0
2.5,0
1.407,0
7.166,1
7.497,1
1.605,0
2.652,0
2.551,1
2.904,0
1.484,0
2.023,0
1.969,1
5.074,1
3.745,1
2.8,0
1.4,0
1.035,0
1.944,0
2.246,0
1.764,1
1.476,0
3.707,1
2.826,1
1,0
1.142,0
2.516,1
2.97,0
4.63,1
1.426,0
2.824,0
2.225,0
2.031,0
11.463,1
1,0
2.562,1
1,0
2.925,0
2.533,0
1.685,0
6.171,1
3.137,0
1,0
4.835,1
7.092,1
2.073,1
1.388,0
1.666,0
20.432,1
1.826,0
6.932,1
3.9,0
3.502,1
5.328,1
2.611,1
1.8,0
2.325,1
10.533,1
1.875,0
3.205,0
92.333,1
1.35,0
1.848,0
4.761,1
1.666,0
1.761,0
3.425,0
1.555,0
3.8,1
3.377,0
6.652,1
1.125,0
1.2,0
5.145,1
6.047,1
1.666,0
4.875,1
4.858,0
1,0
1.25,0
1,0
3.125,0
62.5,1
3.922,1
1.444,0
5.714,1
3.007,0
2.721,0
57.076,1
1.578,0
4.742,1
3.173,1
5.549,1
1,0
7.369,1
1.962,0
2.351,1
3.631,0
1.142,0
1,0
1.472,0
3.681,1
4.85,1
7.326,0
1.133,0
1.913,0
2,0
16.304,1
2.827,0
6.693,1
4.49,1
1.333,1
2.232,1
3.379,0
1,0
1.2,1
1.125,0
2.847,0
1.342,0
2.533,0
2.816,0
1.74,0
9.186,1
5.166,1
1.864,0
1.687,0
4.571,0
1,1
1.428,0
2.132,1
2.121,0
4.152,1
3.03,0
2.278,0
1.577,0
4.163,1
2.247,0
2.533,0
3.066,0
2.08,1
2.227,0
3.846,1
7.82,1
1.838,1
5.555,1
9.25,1
1.867,0
13.884,1
2.095,1
2.51,0
1.666,0
2.953,1
1.934,0
1.842,0
2.592,1
1.772,0
2.686,0
9.821,1
3.029,1
2,0
1.47,0
1.34,0
1.454,0
1.963,0
4.833,1
6.822,0
2.367,0
2,0
4.5,1
4.153,1
1,0
2.052,0
3.555,0
3.333,0
5.488,1
1,0
140,1
2,1
1,0
2.197,0
1.909,0
1.613,0
2.454,0
8.586,1
1,0
4.022,1
4.666,0
3.277,0
1.916,1
1.225,0
4.333,1
1.8,0
1,0
1,0
3.333,0
1.8,0
8,1
3.571,1
2.368,1
1,0
1.903,0
2.272,0
4.818,1
1.25,0
3.176,1
3.625,1
2.431,0
3.407,0
1.251,1
4.026,0
1.379,1
1.8,0
4.576,1
1,0
3.5,0
2.409,1
1.75,0
3.08,0
1.083,1
4.906,1
6.758,1
2.4,1
2.047,0
4.892,1
4.745,1
4.771,0
3.774,1
1.555,0
3.715,0
3.639,1
1,0
1.988,0
18.4,1
2.232,1
1.763,0
2,0
1.444,0
3.333,0
8.021,0
4.05,0
1.103,1
3.666,1
2.754,0
1.736,0
1.1,0
1.727,0
7.054,1
1.411,0
4.368,0
7.4,1
2.642,0
1.444,0
5.558,1
8.271,1
1.192,0
7.478,1
10.877,1
1.285,0
2.084,0
6.091,1
1.871,0
1.705,0
2.272,0
3.558,1
1.142,0
1.966,1
2.015,1
3.338,1
58.705,1
1.352,0
2.902,0
1.666,0
2.666,0
1,0
6.152,1
2.885,0
1.272,0
6.137,1
4,1
5.113,1
1.204,1
2.5,0
3.714,0
3.85,1
1.264,0
14.619,1
3.364,0
1.263,1
1.461,0
5.135,1
3.166,0
2.74,0
3.677,0
2.285,0
1.204,0
1.115,0
1.333,0
2.5,0
1.8,0
1.209,1
2.6,0
3.554,1
3.455,0
3.5,1
2.182,0
2.071,0
2.9,1
2.09,0
2.304,0
3,1
1.375,0
2.35,0
9.652,1
1,0
5.132,1
3.537,1
2.074,0
2.736,1
1.727,0
2.05,0
2.128,1
2.104,1
1.5,0
2.529,1
2.208,0
1.5,0
1,0
3.756,1
2.174,0
3.401,0
3.333,0
2.446,1
1.5,0
3.4,1
1.714,0
5.888,0
3.233,0
2.458,1
3.787,1
2,1
1.428,0
1.515,0
25.812,0
2.9,1
2.288,0
15.892,1
2.125,1
1.166,0
3.333,0
4.312,0
2.333,0
24.333,1
1.8,0
2.228,1
1.601,0
4.42,1
7.531,0
5.891,1
4.242,0
2.3,1
1,1
2.862,0
2.032,0
2.2,1
4.454,0
1.888,0
6.029,1
4.153,0
2.616,1
1.671,1
1,0
1.65,1
2.042,1
2.352,0
4.823,1
1.5,0
2.285,0
2.285,0
3.771,1
3.714,0
2.338,1
5.944,1
6.918,1
3.444,0
5.349,1
2.333,1
5,1
2.361,0
7.836,1
4.022,1
1,0
1.812,0
5.166,1
1.8,0
1,0
1.641,0
4.818,1
1.875,0
1.47,1
2.542,1
3.791,1
2.451,1
1.73,0
1.024,0
8.411,1
1.5,0
1,0
1.562,0
1.727,0
1,0
4.379,0
2.744,0
1.679,0
3.353,1
1,0
1.304,1
1.8,0
7,1
1.767,0
2.276,1
5.038,1
1.403,0
1.759,0
6.59,1
1.8,0
1,0
3.461,0
3.548,1
2.333,0
4.74,1
2.333,1
1,0
12.055,1
3.891,0
1.629,0
1.122,0
1,0
2.587,0
2.222,0
3.787,0
2.13,0
1.238,0
1.75,0
3.571,0
2.5,1
1.222,0
1.377,1
1.26,0
1.962,0
2.847,1
3.173,1
1.526,0
1.565,0
3.478,0
1.227,1
1.375,0
1.4,0
1.826,0
1,1
8.461,1
1,0
1.972,0
2.482,0
1.928,0
4.484,0
1,0
1.625,0
1.714,0
1.75,0
5.163,1
3.039,0
1,0
1.551,0
7.951,1
1.493,1
2.285,1
2.842,0
5.333,0
7.138,1
1.646,0
1.125,0
1.958,0
1.874,1
1,0
2.529,0
2.021,1
1.5,0
2.875,1
11.888,1
1.884,0
2.13,1
1,0
1,0
1.218,0
3.382,0
5.538,1
1.136,0
7.538,1
2.062,1
2.55,0
1.65,0
7.527,1
5.8,1
3.202,0
1,0
4.142,1
2.108,0
2.884,1
5.689,0
2.466,1
1.8,0
1.851,0
3.322,1
1,0
1.09,0
5.87,1
1.867,1
1.247,0
1.216,1
1.787,1
1.392,0
5.181,1
1.666,0
3.333,0
3.041,0
1.093,0
2.187,0
1.287,0
1.533,0
1,0
1.269,0
6.045,1
1.9,0
3.946,1
4.5,0
5.781,1
10,1
1.551,0
4.312,0
2.417,1
62.75,1
1.517,0
1.625,0
2.121,1
1.611,0
1.972,0
3.979,1
2.984,0
1.909,0
4.4,0
2.729,0
1.632,0
9.584,1
1.652,0
2.303,0
3.312,0
3.108,0
4.652,1
4.592,1
2.125,0
2.136,0
1.564,0
1.394,0
2.804,0
2.787,0
1.5,0
13.017,1
5.114,1
3.2,0
2.813,0
2.82,1
2.8,0
1.748,0
2.876,0
4.07,1
1.111,0
2.206,0
2.142,0
1.98,0
1.657,0
3.758,1
14.619,1
4.727,1
1,1
2,0
2.356,0
1.99,0
2.023,0
2.319,0
2.138,0
1.607,0
15.08,1
1.611,0
64.416,1
1.857,0
1.412,0
2.35,1
1.333,0
3.15,1
2.617,0
1.64,0
1,0
1.956,0
11.312,1
8.192,1
2.315,1
8.445,1
9.043,1
1.488,0
5.173,1
3.578,0
1,0
3.812,1
1.062,0
3.115,1
1.769,1
1.784,0
1.88,1
10.817,1
16.739,1
3.27,0
102.666,1
1.625,0
1.6,0
2.638,1
3.909,1
3.545,1
2.111,0
1.062,0
667,1
3.192,1
2.704,1
1.8,0
1.545,0
12.332,1
3.193,0
4.071,1
3.062,1
3.388,0
5.133,1
1.481,0
5.322,1
13,1
1.138,0
9.1,1
2.687,1
2.454,0
2.928,0
664,1
1,0
3.533,0
3.183,0
1,0
1,0
1.523,0
2.111,0
1.125,0
1.3,0
12.454,1
4.411,1
3.275,1
6.186,1
1.266,0
7.17,1
4.1,1
4.043,0
2.616,0
1,0
1.411,1
2.913,1
1.198,0
2.184,1
2.125,0
3.857,1
1.142,0
3.427,0
2.396,0
4.053,1
11.96,1
2.25,0
1.583,0
2.615,0
5.153,0
11.793,1
1,0
2.186,0
1.736,0
1.793,0
1.526,1
3.016,0
4.434,0
2.215,1
1,0
3,0
2.705,0
2.011,0
3.412,1
3.333,0
3.166,1
1.222,0
2.6,0
17.952,0
4.761,1
1.333,0
1.983,0
4,1
2.021,1
2.481,1
3.887,1
1.69,1
2.03,1
2.25,0
1.608,1
6.611,1
1.666,0
1.3,0
2,0
1,0
1,0
2.05,1
1.705,0
1,0
2,0
2.113,0
2.217,0
1,0
2.214,0
4.281,1
11.288,1
2.321,0
3.153,0
2.766,1
7.983,1
3.125,0
9,1
3.333,0
2.125,1
1.19,0
1.987,1
8.733,1
2.521,0
3.272,1
1.482,0
1,0
1.863,1
1,0
5.888,0
1.794,1
1.37,0
1.357,0
1.032,0
4.84,0
5.277,0
2,0
1.411,0
5.809,1
1.923,0
3.537,1
1.52,0
1.243,1
2.166,0
2.297,0
3.36,0
7.288,0
1.715,0
9.428,1
2.039,1
1.594,1
2.061,1
5.75,1
1.25,0
1.375,0
2.583,0
2.096,0
1.294,0
1.725,1
2.638,1
7.781,1
2.17,1
2.307,1
2.007,0
1.166,1
2.052,0
3.9,0
1.377,1
1.79,1
5.466,1
1,0
1.68,1
1.5,0
2.769,0
1.528,0
2.622,1
1.731,0
2.152,0
1.714,0
1,0
3.488,1
6.833,1
2.815,1
1,0
1.666,0
1.625,0
4.869,1
5.598,1
2.379,0
3.025,1
2.909,0
2.106,0
1,0
1,0
2,0
6.896,1
5.397,0
4.928,1
72.5,1
1.4,0
3.184,1
3.656,1
2.23,0
2.924,0
2,0
2.508,0
2.484,1
1.5,0
1.885,0
1.409,1
5.594,1
1.974,1
5.622,1
2.185,0
1.6,0
3.344,0
1.392,1
5.047,1
7.233,1
1.437,0
7.549,1
4.333,1
5.423,1
3.388,1
1.733,0
1.076,0
3.157,0
1.285,0
1,0
7.313,1
2.939,0
2,0
6.145,0
3.266,0
29.125,1
2.416,0
24.375,1
1.895,1
